route_id,origin,destination,distance_km,current_cost,shipment_weight_kg
R000,Mumbai,Singapore,11911,4175.797893323933,4434.429221844877
R001,Mumbai,Sao Paulo,2671,2620.079162810594,1365.3005846390183
R002,Mumbai,Sao Paulo,7124,3743.0370808455136,2064.2864651720756
R003,Rotterdam,Los Angeles,8376,3813.94464776791,4523.977683031666
R004,Shanghai,New York,9240,2099.8888104868497,2665.1542732533194
R005,Mumbai,Sao Paulo,6432,3299.7047129568246,4127.905759068776
R006,Shanghai,Dubai,3276,7910.670473134299,2914.6579069429963
R007,Hamburg,Singapore,10150,4953.227400827971,3742.322276261592
R008,Hamburg,Dubai,7126,5966.575785121652,4299.983026851329
R009,Mumbai,Singapore,10172,7136.897376985701,2093.6600185690645
R010,Mumbai,Los Angeles,7750,3952.3470601800473,590.3203899997686
R011,Shanghai,Los Angeles,8229,3628.732789156445,1038.9295931866304
R012,Shanghai,Sao Paulo,8168,5914.165074439183,4051.2705737330225
R013,Rotterdam,New York,8371,4991.192521820561,3140.785031093956
R014,Shanghai,Singapore,8738,3962.022068683381,2018.5107524236314
R015,Tokyo,New York,3761,3088.2955105202545,2742.114640320231
R016,Rotterdam,Los Angeles,11504,1548.9733603714858,1513.997589706377
R017,Tokyo,Dubai,5517,3353.1185965100062,1280.1811788263967
R018,Shanghai,Dubai,10434,1618.5761292843467,3636.326580648897
R019,Hamburg,Singapore,10195,1534.4500415844352,4887.802233253141
R020,Mumbai,Los Angeles,6289,5118.958804590544,3072.2571026145492
R021,Mumbai,Sao Paulo,8469,7791.961432277522,3699.2861547653674
R022,Tokyo,Los Angeles,6208,4943.960150677258,3682.5354304
R023,Rotterdam,Dubai,8988,4961.831311585308,733.2059157009211
R024,Hamburg,New York,2260,1911.9373080729904,4954.821045754754
R025,Rotterdam,New York,3619,3155.164255964465,3566.762250007682
R026,Shanghai,Los Angeles,3994,4575.580306837299,3227.458464751274
R027,Mumbai,Los Angeles,3604,6899.02615062024,4842.621097999307
R028,Rotterdam,Dubai,7256,2832.511765346042,2206.528632337102
R029,Shanghai,Singapore,7951,6579.844131384197,4225.733992298714
R030,Rotterdam,Singapore,8941,6863.362398503182,1338.8224405466485
R031,Mumbai,Dubai,2077,4899.925260999275,2114.737178555761
R032,Rotterdam,New York,4136,5939.38341221136,2533.768705845677
R033,Mumbai,Sao Paulo,8565,5008.576902445115,2474.3510392475255
R034,Shanghai,Los Angeles,4192,7347.234726284695,2227.5104961794514
R035,Rotterdam,Dubai,3970,4304.932930386877,1997.6710366061793
R036,Mumbai,New York,7567,2583.7499399569906,4453.831019180472
R037,Shanghai,Singapore,10669,7310.301789831225,4048.6874505103883
R038,Shanghai,Los Angeles,2950,2430.3319060650524,1420.4506692625846
R039,Hamburg,New York,6612,7198.976638951372,2039.3678692215835
R040,Rotterdam,Singapore,8359,5425.726168471331,2760.2975635813855
R041,Rotterdam,Sao Paulo,4371,6194.641694554931,3740.1644144573347
R042,Mumbai,Dubai,2793,3136.693882895193,2055.6319707676375
R043,Mumbai,New York,8166,4503.037723686863,4762.775028253169
R044,Tokyo,New York,9783,4788.276412749029,3251.5440594559154
R045,Tokyo,Dubai,5531,2164.3823174637973,4634.377350173359
R046,Rotterdam,Sao Paulo,7959,5733.8868714236,3970.610008338821
R047,Hamburg,Los Angeles,7109,2002.586925677117,969.1113472331427
R048,Shanghai,Dubai,3792,2236.0472979649094,4931.785395330506
R049,Tokyo,Los Angeles,5072,7154.326353403834,2834.7712570673243
R050,Rotterdam,Los Angeles,11524,3678.782070698356,4112.840518691051
R051,Rotterdam,New York,9970,4088.0965083411315,2918.280213220653
R052,Mumbai,New York,10070,3755.19581232548,3818.755616493868
R053,Shanghai,Dubai,11146,4440.856854862507,1133.8565917090993
R054,Shanghai,Singapore,5572,7446.49835694265,2130.772546024849
R055,Mumbai,New York,7588,4848.628935644282,4889.935920572403
R056,Shanghai,Los Angeles,6243,4195.056804225655,884.0735063538973
R057,Rotterdam,Los Angeles,6422,5370.002612580285,801.8441482479236
R058,Mumbai,Dubai,2951,7337.352881364639,1423.1283821690322
R059,Rotterdam,Los Angeles,6524,3955.2186583611006,4264.541659815498
R060,Mumbai,New York,2768,6540.929508517569,2539.7997563661243
R061,Hamburg,Singapore,7232,4104.959895689619,3018.3814908869804
R062,Tokyo,Los Angeles,5335,7101.606536587862,4757.519579601348
R063,Hamburg,New York,8305,4156.772112137627,614.2386004715519
R064,Tokyo,New York,5462,5783.005622415983,621.9319662656757
R065,Mumbai,Dubai,10519,2176.70578289973,4099.622384179353
R066,Mumbai,Dubai,9776,5118.6903010918795,3743.6589333972797
R067,Mumbai,Dubai,6547,7638.663216252277,1134.868319499711
R068,Hamburg,New York,10966,6283.379985774015,4316.576429600976
R069,Rotterdam,Dubai,3308,4239.259578851237,4517.022699846387
R070,Rotterdam,Singapore,5594,3186.2523173034015,2208.6158367527014
R071,Tokyo,Singapore,2804,4161.175739243063,2984.212313833911
R072,Hamburg,Sao Paulo,9083,2926.8184130262316,4885.462693394915
R073,Tokyo,Los Angeles,4679,7904.887529571275,2619.794537122165
R074,Shanghai,New York,5186,4830.974763232491,3837.5912490289948
R075,Hamburg,Sao Paulo,3304,3176.2699553158145,1127.1023333277085
R076,Mumbai,Singapore,8809,4916.986184967458,1272.5567863173658
R077,Rotterdam,Dubai,8981,7442.942242643244,1029.879873005635
R078,Tokyo,Los Angeles,9184,4134.112572179976,2738.5920229095077
R079,Tokyo,Sao Paulo,10041,2410.1205012929186,1686.5771118557739
R080,Mumbai,New York,8136,4712.7800258987645,3079.824701807303
R081,Shanghai,New York,5028,3990.4004336217336,2835.129673772769
R082,Hamburg,Singapore,7941,6297.218506771408,872.5940056630691
R083,Tokyo,Dubai,6124,4030.4214912728476,1799.1218154681494
R084,Tokyo,Los Angeles,10378,3431.2911515506376,3048.8208813360375
R085,Hamburg,Sao Paulo,9479,2897.1124608399186,640.324107775781
R086,Tokyo,Dubai,3762,6969.942792015282,4308.835321915508
R087,Mumbai,Sao Paulo,8122,3672.5852903102455,3969.1049168561985
R088,Rotterdam,Los Angeles,4343,6233.226915323422,2729.710922927893
R089,Mumbai,New York,9970,6824.165064882298,4097.371455360407
R090,Tokyo,Dubai,5549,1534.1498206295018,963.9218570618519
R091,Rotterdam,Singapore,6090,7753.642107466765,4055.0610145633523
R092,Shanghai,Los Angeles,9982,2063.5838771041936,4811.768568517687
R093,Mumbai,Sao Paulo,3750,6206.671640275401,3367.5421090526906
R094,Shanghai,New York,7387,2937.8613718274146,4944.506035984911
R095,Rotterdam,New York,10238,1787.075345115651,3147.1869063646895
R096,Shanghai,New York,9124,4575.865767528667,1907.8468542751439
R097,Rotterdam,Los Angeles,10007,7811.87859357489,4749.199201010452
R098,Hamburg,Singapore,11126,4458.433952735015,2850.95559232026
R099,Shanghai,Dubai,4667,2283.6847575523125,846.2894073314412
